Type,Duration,X,Y,Color,SAMPLE,Ag,Ag Error,Al,Al Error,As,As Error,Au,Au Error,Ba,Ba Error,Bal,Bal Error,Bi,Bi Error,Br,Br Error,Ca,Ca Error,Cd,Cd Error,Cl,Cl Error,Co,Co Error,Cr,Cr Error,Cs,Cs Error,Cu,Cu Error,Fe,Fe Error,Hf,Hf Error,Hg,Hg Error,K,K Error,Mg,Mg Error,Mn,Mn Error,Mo,Mo Error,Nb,Nb Error,Ni,Ni Error,P,P Error,Pb,Pb Error,Pd,Pd Error,Rb,Rb Error,Re,Re Error,S,S Error,Sb,Sb Error,Sc,Sc Error,Se,Se Error,Si,Si Error,Sn,Sn Error,Sr,Sr Error,Ta,Ta Error,Te,Te Error,Th,Th Error,Ti,Ti Error,U,U Error,V,V Error,W,W Error,Zn,Zn Error,Zr,Zr Error
Mining,120.0,3.0,9.0,black,b24bk,< LOD,8.21,< LOD,1922.62,52.56,10.94,< LOD,22.64,< LOD,144.16,893299.5,1139.64,< LOD,8.66,< LOD,6.72,87000.19,1553.88,< LOD,16.71,854.51,153.91,< LOD,156.82,< LOD,72.33,0,0,< LOD,66.29,12554.22,362.92,0,0,0,0,1156.7,282.08,< LOD,12360.28,< LOD,208.15,< LOD,4.33,< LOD,3.61,< LOD,124.09,< LOD,618.6,< LOD,19.6,< LOD,8.02,< LOD,1.5,0,0,< LOD,443.64,< LOD,29.36,0,0,< LOD,9.33,4612.47,767.54,< LOD,26.84,325.82,9.73,0,0,0,0,0,0,142.62,57.52,0,0,< LOD,53.97,< LOD,177.53,< LOD,43.1,< LOD,10.37
Mining,120.0,8.5,18.0,black,C6bkmark,< LOD,4.88,< LOD,752.95,15.25,4.78,< LOD,7.71,< LOD,53.83,773113.13,1145.72,< LOD,3.17,< LOD,2.19,209548.81,1449.64,13.61,6.24,2273.96,58.27,< LOD,55.35,31.42,17.5,0,0,1292.99,37.41,5418.2,133.32,0,0,0,0,1007.59,132.9,< LOD,4283.39,< LOD,77.24,< LOD,1.53,< LOD,1.5,< LOD,40.85,< LOD,192.45,17.18,4.51,< LOD,5.63,< LOD,1.5,0,0,1298.93,101.25,< LOD,22.93,0,0,< LOD,2.54,5621.61,328.83,< LOD,23.92,132.87,3.32,0,0,0,0,0,0,207.81,52.36,0,0,< LOD,32.43,< LOD,57.5,< LOD,12.11,< LOD,2.0
Mining,120.0,2.7,10.5,black,b12inscripmid,< LOD,8.3,< LOD,1211.24,27.22,7.21,< LOD,14.05,158.7,75.83,739067.44,1863.4,< LOD,6.32,4.63,2.51,238207.67,2118.98,< LOD,16.36,1566.35,78.87,< LOD,117.99,48.19,29.95,0,0,< LOD,41.05,12365.37,291.76,0,0,0,0,1825.3,197.81,< LOD,7453.7,< LOD,146.75,< LOD,2.99,< LOD,2.5,< LOD,78.97,< LOD,300.66,< LOD,13.71,< LOD,8.01,< LOD,1.5,0,0,398.46,145.89,< LOD,42.73,0,0,< LOD,5.69,5779.72,447.47,< LOD,29.86,272.89,7.11,0,0,0,0,0,0,277.14,75.0,0,0,< LOD,62.46,< LOD,113.95,< LOD,19.72,< LOD,5.03
Mining,120.0,4.7,8.8,black,b26bk,< LOD,6.07,< LOD,1136.16,20.43,5.46,< LOD,10.64,< LOD,68.85,753515.94,1408.54,< LOD,4.27,3.39,1.84,212815.61,1671.94,< LOD,10.0,2174.24,72.07,< LOD,94.47,39.8,22.81,0,0,< LOD,25.6,12992.93,235.46,0,0,0,0,1388.13,163.31,< LOD,6323.33,< LOD,109.93,< LOD,1.92,< LOD,1.54,< LOD,51.67,< LOD,278.67,9.72,4.95,< LOD,4.43,< LOD,1.5,0,0,2125.21,140.73,< LOD,18.46,0,0,< LOD,3.55,13472.67,555.22,< LOD,23.16,227.68,5.08,0,0,0,0,0,0,287.8,63.1,0,0,< LOD,48.65,< LOD,73.49,19.35,9.28,< LOD,3.16
Mining,120.0,5.0,2.7,black,f15bk,< LOD,7.61,< LOD,1227.26,164.42,30.78,< LOD,18.63,< LOD,82.06,910295.88,790.64,< LOD,12.85,< LOD,5.66,69954.96,1118.93,< LOD,11.69,738.54,105.93,< LOD,81.24,< LOD,38.01,0,0,7791.78,141.95,4527.53,179.61,0,0,0,0,1779.92,208.46,< LOD,8185.26,< LOD,144.83,< LOD,3.04,< LOD,2.54,< LOD,84.84,< LOD,424.06,933.07,31.91,< LOD,5.45,< LOD,1.5,0,0,< LOD,364.69,< LOD,22.28,0,0,< LOD,6.74,3190.54,526.94,87.73,17.79,192.35,5.98,0,0,0,0,0,0,342.39,46.86,0,0,< LOD,33.8,< LOD,179.78,< LOD,30.02,< LOD,4.47
Mining,120.0,7.0,12.1,black,b5bk,< LOD,5.94,< LOD,1088.42,< LOD,5.22,< LOD,7.78,< LOD,57.77,764545.19,1207.75,< LOD,3.35,3.63,1.51,211123.25,1481.21,< LOD,9.61,6090.81,100.28,< LOD,42.39,< LOD,27.42,0,0,< LOD,20.57,2163.16,91.49,0,0,0,0,1038.9,134.41,< LOD,5962.52,< LOD,87.43,< LOD,1.5,< LOD,1.5,< LOD,42.48,442.39,203.42,< LOD,4.6,< LOD,4.07,< LOD,1.5,0,0,3789.28,157.81,< LOD,21.69,0,0,< LOD,2.76,9187.82,480.4,< LOD,21.8,160.74,3.71,0,0,0,0,0,0,457.26,56.49,0,0,< LOD,33.31,< LOD,58.61,< LOD,10.31,< LOD,2.15
Mining,120.0,4.5,3.5,black,f9bk,< LOD,5.21,< LOD,960.72,83.23,16.86,< LOD,13.54,< LOD,79.17,862831.19,969.89,< LOD,7.5,10.32,2.99,112369.32,1220.64,< LOD,8.68,1543.53,75.56,< LOD,86.39,43.63,18.87,0,0,2539.28,65.95,8202.52,203.98,0,0,0,0,2541.91,175.83,< LOD,5515.75,< LOD,115.91,< LOD,2.38,< LOD,1.97,< LOD,61.5,< LOD,321.33,350.15,16.73,< LOD,3.86,< LOD,1.5,0,0,2903.34,168.0,< LOD,16.48,0,0,< LOD,4.42,5679.54,424.22,65.02,12.46,217.6,5.45,0,0,0,0,0,0,532.56,49.67,0,0,< LOD,45.41,< LOD,90.69,68.61,14.7,< LOD,3.92
Mining,120.0,5.0,11.7,blue,b8bl,9.4,5.38,< LOD,1042.84,383.28,51.31,< LOD,22.85,< LOD,110.16,910144.56,754.32,< LOD,20.64,< LOD,7.63,45657.48,829.61,< LOD,13.3,991.56,87.83,< LOD,76.1,< LOD,31.87,0,0,21830.63,259.94,4693.02,164.46,0,0,0,0,931.45,164.39,< LOD,11368.46,< LOD,129.03,< LOD,2.87,< LOD,2.32,< LOD,69.8,< LOD,344.38,3003.89,59.55,< LOD,6.29,2.03,1.02,0,0,747.84,178.83,< LOD,24.07,0,0,< LOD,6.94,10826.74,594.63,397.5,25.8,163.04,5.39,0,0,0,0,0,0,217.56,35.52,0,0,< LOD,29.81,< LOD,115.89,< LOD,37.54,< LOD,4.18
Mining,120.0,7.0,11.5,blue,b10bl,< LOD,6.93,< LOD,890.46,417.79,45.77,< LOD,20.14,< LOD,78.02,919146.25,632.01,< LOD,18.32,< LOD,6.69,42414.68,764.98,< LOD,13.05,1168.07,80.65,< LOD,67.8,< LOD,44.42,0,0,20654.91,230.12,4265.95,145.87,0,0,0,0,1091.82,154.54,< LOD,5219.11,< LOD,113.21,< LOD,2.41,< LOD,1.98,< LOD,63.29,< LOD,304.18,2742.94,51.92,< LOD,5.72,2.27,1.0,0,0,< LOD,348.88,< LOD,29.53,0,0,< LOD,6.03,7306.3,485.99,396.74,23.95,147.63,4.71,0,0,0,0,0,0,239.02,32.88,0,0,< LOD,35.54,< LOD,102.39,< LOD,33.73,< LOD,3.57
Mining,120.0,6.6,11.4,blue,b10bl,8.06,4.2,< LOD,1049.22,532.75,43.48,< LOD,18.71,< LOD,69.66,878813.25,818.13,< LOD,17.24,< LOD,5.99,50378.3,759.29,< LOD,11.54,3935.24,80.15,< LOD,64.76,< LOD,25.18,0,0,23983.89,231.75,5107.61,141.18,0,0,0,0,1388.35,138.23,< LOD,4265.29,< LOD,103.7,< LOD,2.03,< LOD,1.59,< LOD,51.09,< LOD,300.14,2947.17,49.29,< LOD,4.9,2.22,1.0,0,0,3717.57,148.26,< LOD,20.15,0,0,< LOD,4.92,28163.77,652.77,562.9,23.54,158.33,4.44,0,0,0,0,0,0,273.82,32.6,0,0,< LOD,27.98,< LOD,88.61,< LOD,31.23,< LOD,3.06
Mining,120.0,8.0,11.6,blue,b11bl,10.33,5.76,< LOD,2170.96,337.91,39.1,< LOD,19.59,144.45,66.97,815751.56,1359.54,< LOD,16.01,< LOD,5.98,107441.79,1260.4,< LOD,13.78,8100.81,147.39,< LOD,72.62,< LOD,35.5,0,0,15119.1,198.84,4259.84,156.79,0,0,0,0,1770.86,178.63,< LOD,7529.56,< LOD,135.9,< LOD,2.71,< LOD,2.3,< LOD,67.88,< LOD,710.09,1776.5,42.16,< LOD,7.14,2.54,1.0,0,0,10462.7,287.68,29.35,18.47,0,0,< LOD,6.35,33763.77,957.39,367.88,25.64,205.28,5.79,0,0,0,0,0,0,434.61,48.11,0,0,< LOD,30.14,< LOD,108.05,< LOD,31.78,< LOD,4.17
Mining,92.6,7.0,2.7,green,f17g,< LOD,3.47,< LOD,14971.19,23.11,7.32,< LOD,12.51,< LOD,61.04,901555.0,766.44,< LOD,4.96,< LOD,3.49,93351.26,1845.86,< LOD,7.02,< LOD,2073.55,< LOD,57.3,< LOD,41.45,0,0,2232.83,67.12,1741.86,113.39,0,0,0,0,775.71,164.63,< LOD,350732.69,< LOD,123.42,< LOD,2.41,< LOD,1.98,< LOD,71.3,< LOD,9032.17,26.07,6.63,< LOD,3.39,< LOD,1.5,0,0,< LOD,3859.76,< LOD,13.65,0,0,< LOD,4.49,< LOD,10364.25,< LOD,12.75,142.61,4.65,0,0,0,0,0,0,150.76,40.43,0,0,< LOD,26.05,< LOD,96.89,< LOD,31.13,< LOD,3.29
Mining,120.0,6.8,2.8,green,f17g,< LOD,8.22,< LOD,2229.42,53.17,9.72,< LOD,11.98,< LOD,159.16,747570.25,1633.52,< LOD,5.76,< LOD,3.91,182274.3,1614.35,< LOD,13.86,7925.99,170.65,< LOD,56.31,< LOD,44.97,0,0,6225.07,107.24,2168.2,113.75,0,0,0,0,1268.99,159.04,< LOD,19522.92,< LOD,122.45,< LOD,2.32,< LOD,1.86,< LOD,63.32,841.3,432.34,71.84,8.66,< LOD,7.11,< LOD,1.5,0,0,21837.51,454.76,< LOD,25.86,0,0,< LOD,4.51,26969.93,1101.58,< LOD,35.21,207.79,5.34,0,0,0,0,0,0,416.82,57.79,0,0,< LOD,30.09,< LOD,89.8,< LOD,23.11,< LOD,4.28
Mining,120.0,7.0,17.9,green,h37g,< LOD,8.64,< LOD,1610.8,70.23,10.97,< LOD,12.5,< LOD,87.59,741474.69,1632.05,< LOD,5.53,< LOD,3.09,212817.52,1757.05,< LOD,12.68,6642.06,130.0,< LOD,56.22,< LOD,32.97,0,0,8576.13,129.56,1848.44,105.61,0,0,0,0,1318.75,162.47,< LOD,15251.0,< LOD,114.88,< LOD,2.25,< LOD,1.82,< LOD,63.01,839.44,298.9,100.05,9.75,< LOD,5.84,< LOD,1.5,0,0,10110.4,274.6,< LOD,32.1,0,0,< LOD,4.76,14140.62,699.29,< LOD,21.88,162.75,4.67,0,0,0,0,0,0,462.66,64.11,0,0,< LOD,32.24,< LOD,88.04,< LOD,24.31,< LOD,3.22
Mining,120.0,3.2,8.8,red,b25r,< LOD,9.95,< LOD,1856.86,19.89,10.35,< LOD,20.07,< LOD,182.68,886214.06,1195.87,< LOD,8.16,< LOD,4.62,99487.77,1641.79,< LOD,18.54,1589.67,154.35,< LOD,118.54,< LOD,53.49,0,0,367.43,51.33,6718.76,268.21,0,0,0,0,954.65,268.64,< LOD,12716.84,< LOD,183.72,< LOD,3.99,< LOD,3.4,< LOD,120.57,< LOD,599.52,29.34,9.75,< LOD,9.0,< LOD,1.5,0,0,685.54,310.51,< LOD,41.43,0,0,< LOD,9.32,3538.63,720.77,< LOD,36.42,170.14,6.71,0,0,0,0,0,0,172.02,61.29,0,0,< LOD,58.54,< LOD,170.35,< LOD,29.21,< LOD,5.5
Mining,120.0,6.5,7.5,red,b34r,< LOD,4.14,< LOD,963.39,22.69,6.65,< LOD,9.99,< LOD,57.87,903625.88,653.03,< LOD,4.36,< LOD,2.69,73849.14,906.44,< LOD,8.58,914.5,60.98,< LOD,95.18,25.55,15.31,0,0,42.49,19.51,13715.32,240.52,0,0,0,0,1078.08,132.56,< LOD,7827.53,< LOD,106.22,< LOD,1.85,< LOD,1.55,< LOD,54.58,< LOD,247.47,34.24,6.23,< LOD,3.97,< LOD,1.5,0,0,2117.53,138.56,< LOD,17.68,0,0,< LOD,3.52,4147.07,345.08,< LOD,18.13,166.57,4.28,0,0,0,0,0,0,260.91,33.13,0,0,< LOD,25.43,< LOD,75.74,< LOD,13.51,< LOD,3.26
Mining,120.0,2.0,17.5,white,c1fabricwhite,5.89,3.27,< LOD,880.35,< LOD,5.38,< LOD,7.46,< LOD,50.74,945507.44,381.63,< LOD,3.57,18.56,2.28,29309.39,580.89,13.36,6.16,18539.56,205.33,< LOD,35.84,< LOD,27.66,0,0,< LOD,23.7,535.99,64.98,0,0,0,0,862.85,135.14,< LOD,5342.74,< LOD,79.42,2.86,1.78,< LOD,2.3,< LOD,47.02,< LOD,351.27,< LOD,5.69,< LOD,3.88,< LOD,1.5,0,0,2847.72,187.99,< LOD,23.7,0,0,< LOD,2.87,2226.5,380.07,16.17,10.06,36.19,1.92,0,0,0,0,0,0,75.81,24.07,0,0,< LOD,25.84,< LOD,64.05,< LOD,11.32,< LOD,3.1
Mining,120.0,8.5,17.5,white,c6wabvyllw,< LOD,6.46,< LOD,1360.05,< LOD,6.35,< LOD,10.64,< LOD,76.99,771132.44,1450.38,< LOD,4.21,< LOD,2.65,222341.41,1785.17,< LOD,15.97,1258.01,77.54,< LOD,40.6,35.69,20.13,0,0,< LOD,29.58,135.8,61.5,0,0,0,0,229.61,141.14,< LOD,7538.49,< LOD,105.28,< LOD,2.24,< LOD,1.82,< LOD,60.74,< LOD,308.55,< LOD,5.95,< LOD,5.57,< LOD,1.5,0,0,1571.14,162.38,< LOD,27.66,0,0,< LOD,4.45,3050.46,416.8,< LOD,29.85,137.53,4.22,0,0,0,0,0,0,105.36,57.09,0,0,< LOD,25.49,< LOD,85.62,< LOD,14.77,< LOD,2.95
Mining,120.0,3.3,1.4,white,f20w,< LOD,10.11,< LOD,1921.44,< LOD,15.59,< LOD,20.75,< LOD,128.03,825733.19,1702.51,< LOD,7.87,< LOD,5.04,169298.27,2216.54,< LOD,19.81,205.79,132.23,< LOD,80.59,68.01,36.84,0,0,89.34,43.51,1120.97,138.8,0,0,0,0,413.54,252.96,< LOD,12184.19,< LOD,178.9,< LOD,4.16,< LOD,3.57,< LOD,121.88,< LOD,548.41,< LOD,10.31,< LOD,9.97,< LOD,1.5,0,0,< LOD,396.58,< LOD,35.5,0,0,< LOD,8.81,2776.72,653.72,< LOD,33.6,150.78,6.33,0,0,0,0,0,0,141.94,73.11,0,0,< LOD,51.52,< LOD,174.89,< LOD,29.39,< LOD,5.36
Mining,120.0,8.4,2.0,white,f25w,< LOD,5.17,< LOD,1058.46,< LOD,4.69,< LOD,8.46,< LOD,57.16,736898.81,1347.3,< LOD,3.19,< LOD,2.05,257508.91,1738.61,< LOD,10.37,852.91,51.67,< LOD,33.64,< LOD,27.48,0,0,< LOD,21.47,408.7,57.06,0,0,0,0,< LOD,201.44,< LOD,5218.95,< LOD,85.15,< LOD,1.6,< LOD,1.5,< LOD,43.97,< LOD,203.27,< LOD,4.59,< LOD,3.86,< LOD,1.5,0,0,981.33,107.07,< LOD,20.76,0,0,< LOD,2.8,2850.65,306.11,< LOD,14.67,163.55,3.86,0,0,0,0,0,0,166.09,63.59,0,0,< LOD,29.94,< LOD,63.58,< LOD,10.12,< LOD,2.3
Mining,120.0,5.8,1.5,white,f22w,9.33,5.44,< LOD,1512.15,< LOD,5.54,< LOD,10.53,< LOD,90.28,688730.94,1763.42,< LOD,3.86,< LOD,2.96,301619.97,2126.52,16.4,10.18,1259.86,69.93,< LOD,35.86,< LOD,54.54,0,0,< LOD,27.59,194.54,59.34,0,0,0,0,344.12,156.6,< LOD,7906.8,< LOD,93.31,< LOD,2.07,< LOD,1.63,< LOD,55.07,< LOD,294.69,< LOD,5.24,< LOD,10.25,< LOD,1.5,0,0,1957.9,151.38,< LOD,31.43,0,0,< LOD,3.63,5536.25,451.16,< LOD,37.45,101.09,3.45,0,0,0,0,0,0,229.0,79.91,0,0,< LOD,32.66,< LOD,79.32,< LOD,13.05,< LOD,2.45
Mining,120.0,6.0,23.0,white,rghteyewt,31.6,5.96,< LOD,1796.78,< LOD,47.27,< LOD,17.85,145.31,55.6,769507.44,1669.45,< LOD,13.23,13.17,3.74,159442.0,1494.03,< LOD,11.46,2318.73,81.16,< LOD,61.39,< LOD,31.82,0,0,43812.2,454.89,2436.09,119.06,0,0,0,0,440.74,135.98,< LOD,7188.65,< LOD,128.9,< LOD,4.05,< LOD,2.49,< LOD,67.66,< LOD,347.39,856.01,30.02,< LOD,6.09,< LOD,1.52,0,0,13653.21,268.69,118.38,17.43,0,0,< LOD,6.13,5321.25,449.97,149.09,18.93,1228.59,18.98,0,0,0,0,0,0,239.93,45.68,0,0,< LOD,23.32,< LOD,100.4,< LOD,46.83,< LOD,8.91
Mining,120.0,8.5,14.0,white,c24wbelowyyellow,< LOD,6.31,< LOD,1877.02,< LOD,8.27,< LOD,10.55,< LOD,77.78,661870.56,1808.05,< LOD,4.19,4.29,1.8,329992.63,2178.38,< LOD,11.49,1222.54,58.14,< LOD,39.84,< LOD,36.24,0,0,< LOD,25.35,585.97,68.39,0,0,0,0,329.49,153.61,< LOD,6160.92,< LOD,100.7,< LOD,1.97,< LOD,1.53,< LOD,52.47,< LOD,231.31,< LOD,6.81,< LOD,5.19,< LOD,1.5,0,0,2494.17,133.75,< LOD,22.66,0,0,< LOD,3.61,2994.22,329.28,< LOD,20.15,197.75,4.71,0,0,0,0,0,0,272.88,85.34,0,0,< LOD,31.69,< LOD,77.47,< LOD,12.7,< LOD,2.95
Mining,120.0,3.1,7.1,yellow,b37y,< LOD,5.37,< LOD,846.52,16,5.37,< LOD,9.75,< LOD,62.21,858252.88,945.45,< LOD,4.05,< LOD,2.68,126243.8,1252.85,< LOD,8.8,1331.53,67.03,< LOD,79.79,< LOD,39.13,0,0,< LOD,28.22,7551.38,188.82,0,0,0,0,946.95,143.73,< LOD,4827.77,< LOD,110.36,< LOD,2.04,< LOD,1.68,< LOD,57.5,< LOD,252.84,< LOD,7.34,< LOD,4.44,< LOD,1.5,0,0,799.31,130.38,< LOD,16.84,0,0,< LOD,3.76,4538.75,370.67,< LOD,16.58,162.0,4.41,0,0,0,0,0,0,148.87,40.68,0,0,< LOD,28.08,< LOD,77.89,< LOD,16.57,< LOD,2.85
Mining,120.0,5.8,2.5,yellow,f16y,< LOD,5.64,3019.66,1458.36,32.83,7.15,< LOD,14.18,< LOD,122.95,802877.13,1492.3,< LOD,5.69,3.99,2.41,140814.97,1516.52,< LOD,10.68,3633.91,143.32,< LOD,96.55,33.51,21.65,0,0,< LOD,46.0,8254.41,230.25,0,0,0,0,1360.84,177.27,< LOD,14586.38,< LOD,143.2,< LOD,2.85,< LOD,2.32,< LOD,77.08,< LOD,600.01,< LOD,11.42,< LOD,5.27,< LOD,1.5,0,0,10714.84,367.32,< LOD,28.05,0,0,< LOD,5.75,28734.23,1154.22,< LOD,19.61,245.16,6.45,0,0,0,0,0,0,233.75,50.77,0,0,< LOD,28.69,< LOD,107.9,< LOD,18.73,< LOD,5.01
Mining,120.0,3.1,10.1,yellow,b13ylftofline,< LOD,8.2,< LOD,2014.91,10.96,4.85,< LOD,11.67,< LOD,79.06,784002.69,1406.03,< LOD,4.67,3.21,1.95,186235.86,1617.66,< LOD,11.51,5803.58,120.23,< LOD,87.62,36.99,20.91,0,0,< LOD,30.82,8561.42,209.98,0,0,0,0,1038.77,155.12,< LOD,7160.37,< LOD,116.63,< LOD,2.28,< LOD,1.82,< LOD,61.64,< LOD,367.88,< LOD,6.16,< LOD,5.91,< LOD,1.5,0,0,3482.85,197.2,< LOD,24.31,0,0,< LOD,4.35,10368.14,596.96,< LOD,29.62,212.71,5.36,0,0,0,0,0,0,239.25,55.35,0,0,< LOD,33.85,< LOD,88.34,< LOD,20.65,< LOD,4.29
Mining,120.0,3.5,6.5,yellow,b37yold,< LOD,7.02,< LOD,1932.31,7.67,4.87,< LOD,12.03,< LOD,145.58,661763.56,2068.04,< LOD,5.29,3.53,2.03,301701.0,2272.81,< LOD,14.06,4236.82,112.33,< LOD,79.34,56.72,28.44,0,0,< LOD,31.27,6099.26,184.19,0,0,0,0,1737.34,185.79,< LOD,9906.59,< LOD,123.73,< LOD,2.47,< LOD,1.99,< LOD,67.07,< LOD,410.95,< LOD,6.43,< LOD,7.11,< LOD,1.5,0,0,5451.71,229.05,< LOD,25.63,0,0,< LOD,4.26,18427.08,792.4,< LOD,29.18,214.09,5.57,0,0,0,0,0,0,274.55,85.37,0,0,< LOD,37.44,< LOD,94.76,< LOD,15.74,< LOD,3.68
Mining,120.0,3.9,10.8,yellow,b13yold,< LOD,7.06,< LOD,1590.64,14.34,5.37,< LOD,11.69,< LOD,65.39,767929.44,1439.85,< LOD,4.59,< LOD,2.87,195330.53,1623.54,< LOD,12.8,6824.75,113.66,< LOD,97.37,< LOD,33.64,0,0,< LOD,29.1,12818.82,248.4,0,0,0,0,1431.85,159.72,< LOD,6633.81,< LOD,111.89,< LOD,2.21,< LOD,1.78,< LOD,57.38,< LOD,318.2,< LOD,7.54,< LOD,4.92,< LOD,1.5,0,0,5125.39,188.65,< LOD,18.41,0,0,< LOD,4.02,9848.6,517.2,< LOD,20.1,245.62,5.63,0,0,0,0,0,0,396.15,59.72,0,0,< LOD,49.1,< LOD,82.88,< LOD,17.47,< LOD,3.51
Mining,120.0,8.5,14.3,yellow,c24ypattern,< LOD,6.63,< LOD,1547.11,28.49,5.74,< LOD,11.8,< LOD,89.69,632280.06,2042.97,< LOD,4.36,< LOD,2.93,332877.03,2332.05,< LOD,13.11,2727.89,83.54,< LOD,83.66,60.33,32.21,0,0,< LOD,28.54,8807.52,204.13,0,0,0,0,1847.71,198.31,< LOD,8142.41,< LOD,114.88,< LOD,2.1,< LOD,1.69,< LOD,58.03,< LOD,321.21,< LOD,8.58,< LOD,6.32,< LOD,1.5,0,0,4198.56,180.53,< LOD,28.19,0,0,< LOD,4.12,15287.5,643.02,< LOD,25.34,232.18,5.41,0,0,0,0,0,0,495.46,99.55,0,0,< LOD,57.3,< LOD,84.24,< LOD,14.26,< LOD,3.33
Mining,120.0,6.9,12.6,yellow,b5yo1d,< LOD,6.24,< LOD,1255.87,< LOD,6.31,< LOD,10.2,< LOD,67.1,836824.25,1020.27,< LOD,3.73,< LOD,2.48,141713.33,1281.05,< LOD,16.75,1695.48,83.15,< LOD,64.74,< LOD,25.15,0,0,< LOD,26.17,5285.79,152.64,0,0,0,0,587.7,132.07,< LOD,6473.49,< LOD,96.97,< LOD,1.89,< LOD,1.52,< LOD,51.97,< LOD,339.62,< LOD,5.45,< LOD,4.88,< LOD,1.5,0,0,1687,167.44,< LOD,18.48,0,0,< LOD,3.26,10774.2,595.75,< LOD,20.07,150.86,4.06,0,0,0,0,0,0,115.9,40.56,0,0,< LOD,20.45,< LOD,74.21,< LOD,11.98,< LOD,2.57
Mining,120.0,5.0,23.0,black,rghteyebk,35.27,7.56,< LOD,1750.94,< LOD,37.91,< LOD,20.1,130.48,67.04,899241.69,989.72,< LOD,10.36,< LOD,4.75,61906.36,1212.34,< LOD,14.8,4766.87,172.72,< LOD,91.49,< LOD,51.33,0,0,9284.59,174.29,4377.52,195.59,0,0,0,0,1076.53,247.91,< LOD,9852.16,< LOD,180.16,< LOD,3.83,< LOD,3.79,< LOD,101.15,3050.22,454.97,268.19,19.33,< LOD,7.02,< LOD,1.64,0,0,6720.6,359.37,123.38,21.44,0,0,< LOD,8.3,7054.43,781.97,161.12,23.62,956.86,17.71,0,0,0,0,0,0,831.3,68.19,0,0,< LOD,49.03,< LOD,143.75,< LOD,35.51,< LOD,9.76
Mining,120.0,2.4,13.3,black,c25bkwoman,< LOD,5.89,< LOD,1028.9,46.76,7.91,< LOD,12.1,< LOD,80.38,802243.5,1356.76,< LOD,5.38,3.49,2.26,163903.98,1529.02,< LOD,11.92,2183.13,79.58,< LOD,98.79,51.48,22.33,0,0,2549.12,67.6,10785.51,238.44,0,0,0,0,1934.62,173.72,8698.37,4714.56,< LOD,124.88,< LOD,2.45,< LOD,1.98,< LOD,63.51,< LOD,278.05,22.66,6.46,< LOD,5.92,1.61,1.0,0,0,1292.13,148.0,< LOD,26.23,0,0,< LOD,4.76,4772.55,405.73,< LOD,20.78,251.18,6.02,0,0,0,0,0,0,1247.0,69.53,0,0,< LOD,52.18,< LOD,93.7,< LOD,22.33,12.92,3.26
Mining,120.0,3.7,12.3,black,b2bkoldtop,< LOD,10.86,< LOD,2016.58,< LOD,7.49,< LOD,12.07,< LOD,83.58,795961.75,1406.63,< LOD,4.86,< LOD,2.99,169508.25,1609.54,< LOD,12.72,2801.67,106.69,< LOD,81.07,58.43,24.65,0,0,< LOD,52.89,6482.16,193.24,0,0,0,0,578.97,161.42,< LOD,8078.08,1066.84,131.45,< LOD,2.48,< LOD,2.04,< LOD,66.53,8562.29,396.82,< LOD,7.07,< LOD,6.32,< LOD,1.5,0,0,1000.54,189.21,< LOD,24.24,0,0,< LOD,4.74,5474.57,554.46,< LOD,30.87,190.08,5.24,0,0,0,0,0,0,8305.42,154.14,0,0,< LOD,79.57,< LOD,96.74,< LOD,16.81,< LOD,3.72
Mining,120.0,3.0,12.2,black,b2bknewbttm,< LOD,5.86,< LOD,1208.9,< LOD,6.99,< LOD,11.56,< LOD,76.19,736387.94,1629.47,< LOD,4.43,< LOD,2.39,213885.34,1790.95,< LOD,11.07,1345.82,58.8,< LOD,101.96,57.4,30.36,0,0,< LOD,30.97,15123.57,273.96,0,0,0,0,942.36,173.17,6660.46,4098.36,440.26,101.84,< LOD,2.24,< LOD,1.92,< LOD,59.83,4499.07,216.17,< LOD,11.35,< LOD,5.42,< LOD,1.5,0,0,198.88,105.32,< LOD,23.56,0,0,< LOD,4.08,3602.1,321.5,< LOD,28.46,228.2,5.47,0,0,0,0,0,0,16624.29,242.73,0,0,< LOD,107.09,< LOD,85.46,< LOD,23.73,4.39,2.88
Mining,120.0,3.5,21.5,blue,h16bl,7.11,3.81,1424.59,654.44,153.93,18.75,< LOD,11.01,< LOD,100.88,767192.44,1296.76,< LOD,7.5,< LOD,2.95,180931.08,1418.45,< LOD,9.92,2320.91,66.02,< LOD,63.51,90.19,20.6,0,0,6362.63,91.19,6510.22,152.28,0,0,0,0,1490.43,144.26,< LOD,5261.57,< LOD,101.63,< LOD,1.67,< LOD,1.5,< LOD,45.63,< LOD,274.38,620.83,18.79,< LOD,4.49,< LOD,1.5,0,0,7056.13,178.07,< LOD,21.09,0,0,< LOD,3.16,24543.62,652.68,110.25,13.83,182.93,4.22,0,0,0,0,0,0,961.75,60.55,0,0,< LOD,30.98,< LOD,67.24,< LOD,18.96,< LOD,2.91
Mining,120.0,3.5,11.8,blue,b7bl,14.79,5.29,< LOD,1108.09,285.79,37.19,< LOD,17.19,< LOD,83.58,828822.25,1192.65,< LOD,14.92,< LOD,5.5,94693.46,1117.42,< LOD,20.38,7038.05,120.36,< LOD,69.79,450.36,26.14,0,0,15537.46,186.21,4572.13,148.48,0,0,0,0,1962.82,169.16,< LOD,6823.19,< LOD,111.97,< LOD,2.28,< LOD,1.91,< LOD,59.9,< LOD,541.11,1949.94,41.02,< LOD,6.19,< LOD,1.5,0,0,6521.48,211.54,< LOD,32.01,0,0,< LOD,5.2,29289.44,789.29,523.5,25.88,146.76,4.49,0,0,0,0,0,0,1519.92,61.4,0,0,< LOD,49.22,< LOD,93.16,62.71,20.81,< LOD,3.25
Mining,120.0,3.5,22.5,blue,h10bl,< LOD,16.24,10649.67,2583.57,17.22,6.64,< LOD,15.77,< LOD,205.09,617104.25,2872.03,< LOD,6.7,7.88,2.78,127810.77,1776.75,< LOD,26.7,16204.58,296.72,< LOD,196.28,246.39,48.69,0,0,< LOD,44.81,40690.41,581.58,0,0,0,0,1343.35,248.91,21885.27,13624.94,182.19,112.58,< LOD,3.14,< LOD,2.69,< LOD,87.31,4246.39,715.71,< LOD,8.94,< LOD,12.31,< LOD,1.5,0,0,97978.88,1141.71,< LOD,45.26,0,0,< LOD,6.97,37709.52,1530.4,< LOD,62.36,303.07,7.86,0,0,0,0,0,0,23552.98,360.26,0,0,< LOD,217.3,< LOD,124.21,40.14,15.15,< LOD,5.82
Mining,120.0,3.7,2.8,green,f14g,< LOD,6.58,2143.85,774.16,41.62,6.35,< LOD,7.95,< LOD,51.88,756620.94,1207.59,< LOD,3.68,< LOD,1.68,198073.56,1415.52,< LOD,11.86,3734.94,81.63,< LOD,45.61,< LOD,41.58,0,0,4287.55,66.9,3037.16,100.9,0,0,0,0,1919.33,148.98,< LOD,7281.02,< LOD,130.25,< LOD,1.5,< LOD,1.5,< LOD,40.0,373.1,214.32,41.91,5.53,< LOD,3.58,< LOD,1.5,0,0,10328.35,220.96,< LOD,18.13,0,0,< LOD,2.32,16606.16,608.18,< LOD,23.22,154.49,3.53,0,0,0,0,0,0,2614.5,96.42,0,0,< LOD,56.46,< LOD,56.26,22.64,10.55,< LOD,3.31
Mining,120.0,1.9,18.3,green,h27gnew,< LOD,5.56,< LOD,1882.98,10.69,4.99,< LOD,9.38,199.91,45.24,688903.88,1644.57,< LOD,4.0,30.42,2.79,187488.59,1548.85,< LOD,11.94,21410.24,240.76,< LOD,55.37,63.89,38.67,0,0,260.5,22.63,4025.88,125.54,0,0,0,0,430.56,151.38,< LOD,10491.27,184.08,81.8,< LOD,1.73,< LOD,1.5,< LOD,51.03,4345.88,458.97,17.27,4.93,< LOD,4.36,< LOD,1.5,0,0,66072.66,671.74,< LOD,17.14,0,0,< LOD,3.05,8279.06,719.08,< LOD,25.85,310.25,5.63,0,0,0,0,0,0,16321.08,309.15,0,0,< LOD,205.83,< LOD,67.64,28.53,9.28,< LOD,3.18
Mining,120.0,3.5,17.8,green,h34g,< LOD,8.14,1495.68,756.85,14.43,6.53,< LOD,9.32,123.49,45.58,748298.75,1386.6,< LOD,4.1,5.48,1.84,181507.39,1455.98,11.65,7.3,1141.5,64.03,131.57,40.25,289.07,31.74,0,0,644.2,30.54,2765.74,108.27,0,0,0,0,441.33,137.94,< LOD,6169.86,< LOD,120.82,< LOD,1.79,< LOD,1.5,< LOD,50.86,2632.44,271.85,51.21,6.55,< LOD,4.71,< LOD,1.5,0,0,33676.92,395.07,< LOD,24.18,0,0,< LOD,3.29,4544.38,446.16,< LOD,19.8,268.09,5.24,0,0,0,0,0,0,21837.42,281.04,0,0,< LOD,149.64,< LOD,67.43,32.3,9.79,< LOD,3.92
Mining,114.21,3.9,22.2,red,h10earl,< LOD,6.09,< LOD,1826.44,< LOD,21.36,< LOD,38.46,123.41,56.93,924760.69,740.49,< LOD,8.16,17.7,3.61,21461.15,678.55,102.83,13.06,3539.8,178.23,< LOD,178.59,< LOD,42.14,0,0,< LOD,48.67,30099.04,485.8,0,0,0,0,910.6,217.23,< LOD,12571.87,301.12,126.72,< LOD,5.69,< LOD,2.99,< LOD,96.15,< LOD,626.43,< LOD,16.05,< LOD,6.28,< LOD,1.52,0,0,1653.66,331.88,< LOD,23.07,0,0,< LOD,122.35,5319.89,802.95,< LOD,19.59,374.94,9.22,0,0,0,0,0,0,937.52,76.62,0,0,< LOD,57.48,< LOD,157.21,49.69,17.25,11.05,4.43
Mining,120.0,6.6,10.4,red,b16r,< LOD,9.43,3877.93,1100.07,20.94,7.26,< LOD,10.23,< LOD,81.13,720539.25,1663.25,< LOD,4.17,< LOD,3.45,206439.75,1717.54,16.95,9.21,5621.58,117.45,< LOD,91.84,49.44,29.05,0,0,144.96,22.9,11839.29,230.62,0,0,0,0,2577.89,195.03,< LOD,9051.2,< LOD,103.03,< LOD,2.01,< LOD,1.6,< LOD,55.13,< LOD,429.51,49.51,7.02,< LOD,6.14,< LOD,1.5,0,0,15284.86,311.06,< LOD,23.67,0,0,< LOD,3.48,24095.45,822.75,< LOD,22.95,172.92,4.5,0,0,0,0,0,0,1057.79,79.12,0,0,48.23,29.01,< LOD,77.73,< LOD,14.33,< LOD,2.92
Mining,120.0,5.5,23.5,red,h6r,< LOD,3.83,995.28,455.71,19.87,6.49,< LOD,29.91,78.83,38.65,894998.56,656.09,< LOD,4.47,13.13,2.28,34599.18,646.75,139.53,9.36,7360.74,97.2,< LOD,136.15,89.41,21.66,0,0,< LOD,23.72,41142.56,398.09,0,0,0,0,2130.37,155.76,< LOD,6748.41,< LOD,142.26,< LOD,1.7,< LOD,1.5,< LOD,49.21,< LOD,246.1,< LOD,18.27,< LOD,3.58,< LOD,1.5,0,0,5340.54,151.27,< LOD,15.55,0,0,175.92,8.19,10484.75,411.69,< LOD,15.83,290.44,5.5,0,0,0,0,0,0,2010.36,88.29,0,0,< LOD,63.44,< LOD,88.5,72.45,10.95,4.42,2.71
Mining,120.0,3.5,10.8,red,b13roldtop,< LOD,8.07,< LOD,1419.37,8.57,5.39,< LOD,11.85,< LOD,71.67,758473.31,1530.25,< LOD,5.06,< LOD,3.29,196394.27,1665.83,< LOD,15.77,8830.76,136.88,< LOD,92.53,48.36,22.49,0,0,< LOD,31.14,10822.72,233.04,0,0,0,0,1210.56,161.46,< LOD,7275.82,< LOD,123.85,< LOD,2.22,< LOD,1.83,< LOD,58.91,< LOD,629.8,8.79,5.38,< LOD,5.27,< LOD,1.5,0,0,7530.76,230.47,< LOD,27.99,0,0,< LOD,4.42,12897.52,620.17,< LOD,22.02,209.78,5.26,0,0,0,0,0,0,2305.16,86.32,0,0,< LOD,55.35,< LOD,86.52,< LOD,20.93,< LOD,3.39
Mining,120.0,3.5,2.0,red,f20r,< LOD,8.5,< LOD,992.23,< LOD,6.65,< LOD,9.86,< LOD,69.07,822001.19,1082.26,< LOD,3.9,< LOD,2.46,141750.97,1329.32,< LOD,15.02,5087.97,97.21,< LOD,98.66,57.6,22.74,0,0,< LOD,26.07,15976.88,259.26,0,0,0,0,1230.73,153.98,< LOD,5232.14,622.16,99.9,< LOD,1.97,< LOD,1.56,< LOD,52.21,< LOD,291.13,< LOD,9.9,< LOD,4.93,< LOD,1.5,0,0,3472.84,163.87,< LOD,21.11,0,0,< LOD,3.63,6827.22,438.42,< LOD,23.94,163.43,4.21,0,0,0,0,0,0,2802.12,84.95,0,0,< LOD,69.23,< LOD,73.96,< LOD,12.2,< LOD,2.78
Mining,120.0,4.5,20.5,red,h23r,< LOD,7.3,< LOD,1095.02,28.01,7.97,< LOD,22.65,178.86,50.36,845636.13,1087.98,< LOD,5.78,9.8,2.59,96834.77,1159.44,131.29,11.71,2088.57,82.97,< LOD,159.9,72.35,23.99,0,0,< LOD,33.93,37745.34,461.77,0,0,0,0,1576.18,169.31,< LOD,9291.29,427.41,105.53,< LOD,2.45,< LOD,2.09,< LOD,66.43,< LOD,485.02,17.97,8.67,< LOD,5.0,< LOD,1.5,0,0,1748.42,161.97,< LOD,23.45,0,0,< LOD,114.07,8961.61,509.76,< LOD,20.36,196.6,5.27,0,0,0,0,0,0,3305.59,101.17,0,0,< LOD,70.41,< LOD,110.55,46.52,12.83,13.31,3.07
Mining,120.0,3.5,10.2,red,b13rnewbttm,< LOD,7.22,< LOD,1140.42,47.26,12.98,< LOD,17.59,116.62,62.31,836535.31,1203.42,< LOD,6.9,5.62,2.68,84891.6,1222.28,99.03,12.62,3219.62,93.66,< LOD,180.29,226.13,36.09,0,0,< LOD,39.97,44920.64,535.2,0,0,0,0,965,186.27,< LOD,10399.75,203.63,100.43,< LOD,2.69,< LOD,2.21,< LOD,68.78,< LOD,330.91,154.43,13.11,< LOD,6.94,< LOD,1.5,0,0,7260.27,222.4,< LOD,42.73,0,0,< LOD,39.21,4635.29,436.5,< LOD,25.33,336.75,7.5,0,0,0,0,0,0,15240.84,242.85,0,0,< LOD,129.49,< LOD,106.41,23.05,12.12,< LOD,4.74
Mining,120.0,7.7,2.2,white,f24w,< LOD,6.27,< LOD,2129.73,< LOD,8.01,< LOD,11.29,< LOD,97.19,689438.69,1845.6,< LOD,5.1,< LOD,2.22,181227.97,1561.3,< LOD,12.28,380.72,79.44,< LOD,49.92,< LOD,32.85,0,0,< LOD,28.05,1502.8,95.72,0,0,0,0,643.66,142.55,< LOD,9397.17,< LOD,115.03,< LOD,2.15,< LOD,1.74,< LOD,57.36,< LOD,620.23,12.06,5.44,< LOD,6.18,< LOD,1.5,0,0,109566.2,908.1,< LOD,29.39,0,0,< LOD,4.1,11874.69,783.96,< LOD,23.76,590.3,9.37,0,0,0,0,0,0,4661.21,105.07,0,0,< LOD,50.43,< LOD,81.6,45.48,11.2,< LOD,5.01
Mining,120.0,4.5,2.5,yellow,f15y,< LOD,11.58,5182.77,1574.5,30.35,5.18,< LOD,9.52,< LOD,92.11,579783.75,2073.76,< LOD,3.71,2.8,1.75,349327.19,2286.52,< LOD,23.12,4571.77,113.18,< LOD,77.14,< LOD,79.39,0,0,< LOD,23.59,9319.71,191.07,0,0,0,0,2585.98,210.79,< LOD,13257.53,< LOD,91.43,< LOD,1.71,< LOD,1.5,< LOD,46.95,< LOD,476.47,< LOD,7.05,< LOD,6.68,< LOD,1.5,0,0,11114.33,290.42,< LOD,38.01,0,0,< LOD,2.95,37117.92,1069.6,< LOD,39.69,208.86,4.66,0,0,0,0,0,0,699.44,110.46,0,0,< LOD,48.96,< LOD,66.89,< LOD,12.22,< LOD,2.73
Mining,120.0,4.2,5.2,yellow,b44y,< LOD,10.35,< LOD,1808.02,< LOD,15.9,< LOD,18.76,< LOD,109.61,816013.31,1650.77,< LOD,6.93,< LOD,5.09,157155.8,1933.99,< LOD,16.46,2212.76,134.43,< LOD,132.13,71.15,33.68,0,0,< LOD,54.54,10224.96,303.43,0,0,0,0,1519.47,238.88,< LOD,10815.5,< LOD,169.82,< LOD,3.6,< LOD,2.97,< LOD,103.97,< LOD,523.47,< LOD,14.01,< LOD,8.14,< LOD,1.5,0,0,2623.84,278.8,< LOD,35.46,0,0,< LOD,8.06,5978.3,687.8,< LOD,49.18,195.29,6.75,0,0,0,0,0,0,4003.85,129.67,0,0,< LOD,69.19,< LOD,151.7,< LOD,31.46,< LOD,5.17
Mining,120.0,3.9,10.2,yellow,b13ynew,< LOD,4.62,1612.02,535.54,50.93,12.19,< LOD,14.97,114.03,45.37,846144.5,976.01,< LOD,5.67,6.23,2.34,66196.72,1062.12,108.87,9.83,2307.29,63.12,< LOD,165.88,220.23,33.57,0,0,< LOD,25.34,57665.87,525.2,0,0,0,0,622.52,161.6,< LOD,4873.87,< LOD,179.57,< LOD,2.01,< LOD,1.65,< LOD,53.16,< LOD,230.26,194.92,12.57,< LOD,4.53,1.65,1.0,0,0,8633.78,181.32,< LOD,17.89,0,0,< LOD,65.31,5188.58,339.67,< LOD,18.13,314.22,6.18,0,0,0,0,0,0,6076.75,169.38,0,0,< LOD,126.6,< LOD,82.29,25.08,9.9,11.62,3.11
Mining,120.0,2.7,2.5,yellow,f13y,< LOD,5.83,< LOD,1218.36,< LOD,5.81,< LOD,10.04,< LOD,65.52,852148.19,963.93,< LOD,4.05,14.24,2.31,90692.68,1038.36,< LOD,14.89,405.34,62.12,< LOD,71.19,56.89,17.9,0,0,< LOD,26.93,6720.51,170.85,0,0,0,0,494.98,128.83,< LOD,5366.4,< LOD,111.36,< LOD,1.9,< LOD,1.57,< LOD,53.39,< LOD,351.27,< LOD,5.16,< LOD,4.54,< LOD,1.5,0,0,36675.73,417.31,< LOD,22.91,0,0,< LOD,3.51,3778.56,421.35,< LOD,27.56,216.61,4.92,0,0,0,0,0,0,8773.37,132.0,0,0,< LOD,60.44,< LOD,74.86,14.59,9.35,< LOD,3.03
Mining,120.0,1.8,19.0,yellow,h27ynew,< LOD,7.41,1692.68,1022.42,< LOD,8.9,< LOD,11.3,< LOD,72.97,845377.81,1068.31,< LOD,4.79,8.89,2.22,93625.94,1096.93,< LOD,11.02,3067.43,115.72,< LOD,109.0,45.69,19.35,0,0,< LOD,29.67,16906.34,287.58,0,0,0,0,743.49,141.3,< LOD,8292.85,< LOD,128.73,< LOD,2.22,< LOD,1.93,< LOD,59.37,< LOD,707.23,< LOD,6.36,< LOD,5.39,< LOD,1.5,0,0,14362.66,351.76,< LOD,21.3,0,0,< LOD,4.01,14024.8,778.73,< LOD,21.49,203.26,5.12,0,0,0,0,0,0,9905.66,147.71,0,0,< LOD,65.66,< LOD,84.44,27.76,10.85,7.58,2.85
Mining,120.0,3.7,22.7,yellow,h10y,< LOD,4.92,1144.69,636.46,9.23,5.31,< LOD,11.5,< LOD,71.41,829083.19,1129.83,< LOD,5.05,32.68,3.27,75660.94,1180.06,< LOD,9.94,1955.6,70.18,< LOD,170.86,102.51,31.36,0,0,< LOD,31.72,53861.69,532.63,0,0,0,0,658.11,171.06,6094.7,4045.7,253.03,90.96,< LOD,2.24,< LOD,1.85,< LOD,59.22,< LOD,283.56,< LOD,8.3,< LOD,4.61,< LOD,1.5,0,0,14397.37,253.59,< LOD,22.22,0,0,< LOD,4.29,4876.39,392.73,< LOD,21.08,379.3,7.24,0,0,0,0,0,0,11382.45,187.23,0,0,< LOD,91.99,< LOD,83.68,37.32,11.12,< LOD,4.99
Mining,120.0,3.5,18.5,yellow,h34y,< LOD,8.3,< LOD,1656.62,28.56,9.59,< LOD,10.78,214.47,53.55,857572.38,1000.8,< LOD,5.51,< LOD,3.04,75892.03,1011.75,< LOD,11.2,1129.19,83.65,< LOD,87.05,156.28,27.91,0,0,1555.63,50.23,7854.12,192.86,0,0,0,0,458.12,143.44,8188.92,5025.94,264.76,98.28,< LOD,2.12,< LOD,1.71,< LOD,61.53,3397.87,319.41,103.15,9.44,< LOD,5.16,< LOD,1.5,0,0,24704.74,387.73,< LOD,21.07,0,0,< LOD,4.16,5336.73,524.59,< LOD,29.39,229.03,5.35,0,0,0,0,0,0,12884.71,225.95,0,0,< LOD,139.7,< LOD,81.57,26.91,11.88,< LOD,3.48
Mining,120.0,3.5,12.6,yellow,b2ynew,< LOD,5.51,1147.56,683.96,10.54,5.64,< LOD,14.9,< LOD,78.56,818346.81,1177.31,< LOD,4.79,5.71,2.09,81177.25,1317.45,72.87,10.24,2183.55,74.71,< LOD,173.58,154.94,42.24,0,0,< LOD,29.5,55380.78,546.15,0,0,0,0,2103.34,229.99,< LOD,5966.42,340.33,92.9,< LOD,2.25,< LOD,1.77,< LOD,57.49,678.46,201.09,< LOD,11.88,< LOD,5.33,< LOD,1.5,0,0,5055.86,179.04,< LOD,20.73,0,0,< LOD,45.55,8968.01,476.06,< LOD,19.53,423.71,7.75,0,0,0,0,0,0,23763.38,321.8,0,0,< LOD,212.32,< LOD,89.69,62.14,12.18,11.35,3.58
